<?xml version="1.0" encoding="UTF-8"?>
<project version="4">
  <component name="EmulatorDisplays">
    <option name="displayStateByAvdFolder">
      <map>
        <entry key="C:\Users\vedal\.android\avd\Pixel_5_API_30.avd">
          <value>
            <MultiDisplayState>
              <option name="displayDescriptors">
                <list>
                  <DisplayDescriptor>
                    <option name="height" value="2474" />
                    <option name="width" value="1211" />
                  </DisplayDescriptor>
                  <DisplayDescriptor>
                    <option name="displayId" value="1" />
                    <option name="height" value="1080" />
                    <option name="width" value="720" />
                  </DisplayDescriptor>
                </list>
              </option>
              <option name="panelState">
                <PanelState>
                  <option name="splitPanel">
                    <SplitPanelState>
                      <option name="proportion" value="0.892276406288147" />
                      <option name="firstComponent">
                        <PanelState>
                          <option name="displayId" value="0" />
                        </PanelState>
                      </option>
                      <option name="secondComponent">
                        <PanelState>
                          <option name="displayId" value="1" />
                        </PanelState>
                      </option>
                    </SplitPanelState>
                  </option>
                </PanelState>
              </option>
            </MultiDisplayState>
          </value>
        </entry>
      </map>
    </option>
  </component>
</project>