<?xml version="1.0" encoding="UTF-8"?>
<project version="4">
  <component name="ProjectModuleManager">
    <modules>
      <module fileurl="file://$PROJECT_DIR$/.idea/Android-Calculator-App-Project-Source-Code.iml" filepath="$PROJECT_DIR$/.idea/Android-Calculator-App-Project-Source-Code.iml" />
      <module fileurl="file://$PROJECT_DIR$/.idea/modules/app/Android-Calculator-App-Project-Source-Code.app.iml" filepath="$PROJECT_DIR$/.idea/modules/app/Android-Calculator-App-Project-Source-Code.app.iml" />
      <module fileurl="file://$PROJECT_DIR$/.idea/modules/app/Android-Calculator-App-Project-Source-Code.app.androidTest.iml" filepath="$PROJECT_DIR$/.idea/modules/app/Android-Calculator-App-Project-Source-Code.app.androidTest.iml" />
      <module fileurl="file://$PROJECT_DIR$/.idea/modules/app/Android-Calculator-App-Project-Source-Code.app.main.iml" filepath="$PROJECT_DIR$/.idea/modules/app/Android-Calculator-App-Project-Source-Code.app.main.iml" />
      <module fileurl="file://$PROJECT_DIR$/.idea/modules/app/Android-Calculator-App-Project-Source-Code.app.unitTest.iml" filepath="$PROJECT_DIR$/.idea/modules/app/Android-Calculator-App-Project-Source-Code.app.unitTest.iml" />
    </modules>
  </component>
</project>